{
    "architecture": {
        "type": "LinearRegression"
    },
    "author": "SensorLab",
    "dataset": {
        "name": "logatec-spring",
        "size": 263252
    },
    "dateCreated": "2024-11-21",
    "inference": [
        {
            "batch_size": 2,
            "carbon_footprint": 0.0,
            "energy_consumption": 0.0,
            "flops": 298,
            "latency": 0.0010256865,
            "num_of_runs": 1000,
            "total_time": 2.051373,
            "device": {
                "CPU": "AMD EPYC 75F3 32-Core Processor",
                "GPU": 0,
                "RAM": "1T",
                "numCores": 128
            }
        }
    ],
    "name": "LinearRegression-spring-Random",
    "path": "../../artifacts/logatec/models/spring-LinearRegression-RandomSplit-results/est-0-0.pkl",
    "problemType": "Regression",
    "service": {
        "minAccuracy": 0,
        "minLatency": 0,
        "name": "localization"
    },
    "size": 1815,
    "training": {
        "carbonFootprint": 0.0,
        "device": {
            "CPU": "AMD EPYC 75F3 32-Core Processor",
            "GPU": 0,
            "RAM": "1T",
            "numCores": 128
        },
        "evaluationMetrics": {
            "mae": {
                "mean": 2.013343398259921,
                "std": 0.0795338636746318
            },
            "mape": {
                "mean": 1329498947416373.5,
                "std": 87976961402154.27
            },
            "mede": {
                "mean": 3.8409523621756394,
                "std": 0.08214634676537247
            },
            "r_squared": {
                "mean": 0.5205477801722671,
                "std": 0.016869581023154518
            },
            "rmse": {
                "mean": 2.9062701657043677,
                "std": 0.049562490863348053
            }
        },
        "fitTime": 0.5825774669647217,
        "parameters": {
            "hyperparameters": {
                "fit_intercept": true
            },
            "optimizer": "gridsearch",
            "splitType": "Random"
        },
        "powerConsumptionCPU": 0.0,
        "powerConsumptionGPU": 0,
        "totalTrainTime": 3.2161457538604736
    },
    "version": "1.0"
}