{
    "architecture": {
        "type": "RandomForestRegressor"
    },
    "author": "SensorLab",
    "dataset": {
        "name": "spring",
        "size": 263252
    },
    "dateCreated": "2024-11-21",
    "inference": [
        {
            "batch_size": 2,
            "carbon_footprint": 2.375103499999677e-05,
            "energy_consumption": 0.3701459999999497,
            "flops": 246,
            "latency": 0.01811448,
            "num_of_runs": 1000,
            "total_time": 36.22896,
            "device": {
                "CPU": "AMD EPYC 75F3 32-Core Processor",
                "GPU": 0,
                "RAM": "1T",
                "numCores": 128
            }
        }
    ],
    "name": "RandomForestRegressor-spring-Random",
    "path": "../../artifacts/logatec/models/spring-RandomForestRegressor-RandomSplit-results/est-8-0.pkl",
    "problemType": "Regression",
    "service": {
        "minAccuracy": 0,
        "minLatency": 0,
        "name": "localization"
    },
    "size": 19169657,
    "training": {
        "carbonFootprint": 0.2344022450000222,
        "device": {
            "CPU": "AMD EPYC 75F3 32-Core Processor",
            "GPU": 0,
            "RAM": "1T",
            "numCores": 128
        },
        "evaluationMetrics": {
            "mae": {
                "mean": 0.15960000000000168,
                "std": 0.012354756169186857
            },
            "mape": {
                "mean": 269367542250688.3,
                "std": 13168640394392.46
            },
            "mede": {
                "mean": 0.6200194545565716,
                "std": 0.03226219195535966
            },
            "r_squared": {
                "mean": 0.9482533731383498,
                "std": 0.0022490615504313005
            },
            "rmse": {
                "mean": 0.7571353501885247,
                "std": 0.04316462901253175
            }
        },
        "fitTime": 0.49541544914245605,
        "parameters": {
            "hyperparameters": {
                "max_depth": 30,
                "n_estimators": 100
            },
            "optimizer": "gridsearch",
            "splitType": "Random"
        },
        "powerConsumptionCPU": 3653.0220000003465,
        "powerConsumptionGPU": 0,
        "totalTrainTime": 8.401644945144653
    },
    "version": "1.0"
}