{
    "architecture": {
        "type": "XGBRegressor"
    },
    "author": "SensorLab",
    "dataset": {
        "name": "logatec-spring",
        "size": 263252
    },
    "dateCreated": "2024-11-21",
    "inference": [
        {
            "batch_size": 2,
            "carbon_footprint": 0.0,
            "energy_consumption": 0.0,
            "flops": 2308,
            "latency": 0.0029105125,
            "num_of_runs": 1000,
            "total_time": 5.821025,
            "device": {
                "CPU": "AMD EPYC 75F3 32-Core Processor",
                "GPU": 0,
                "RAM": "1T",
                "numCores": 128
            }
        }
    ],
    "name": "XGBRegressor-spring-Random",
    "path": "../../artifacts/logatec/models/spring-XGBRegressor-RandomSplit-results/est-11-0.pkl",
    "problemType": "Regression",
    "service": {
        "minAccuracy": 0,
        "minLatency": 0,
        "name": "localization"
    },
    "size": 2090337,
    "training": {
        "carbonFootprint": 0.3391401474999986,
        "device": {
            "CPU": "AMD EPYC 75F3 32-Core Processor",
            "GPU": 0,
            "RAM": "1T",
            "numCores": 128
        },
        "evaluationMetrics": {
            "mae": {
                "mean": 0.21818301007151594,
                "std": 0.012011284961325475
            },
            "mape": {
                "mean": 272306128068422.1,
                "std": 22362969583821.426
            },
            "mede": {
                "mean": 0.756906001119951,
                "std": 0.03401125923982537
            },
            "r_squared": {
                "mean": 0.9405329527722879,
                "std": 0.0037769614625373688
            },
            "rmse": {
                "mean": 0.8371704997632584,
                "std": 0.052362128585279805
            }
        },
        "fitTime": 3.828199052810669,
        "parameters": {
            "hyperparameters": {
                "learning_rate": 0.1,
                "max_depth": 10,
                "n_estimators": 50
            },
            "optimizer": "gridsearch",
            "splitType": "Random"
        },
        "powerConsumptionCPU": 5285.300999999978,
        "powerConsumptionGPU": 0,
        "totalTrainTime": 33.43526554107666
    },
    "version": "1.0"
}