{
    "architecture": {
        "type": "RandomForestRegressor"
    },
    "author": "SensorLab",
    "dataset": {
        "name": "winter",
        "size": 33637
    },
    "dateCreated": "2024-11-21",
    "inference": [
        {
            "batch_size": 2,
            "carbon_footprint": 1.225416499999546e-05,
            "energy_consumption": 0.19097399999992923,
            "flops": 48434,
            "latency": 0.0181165965,
            "num_of_runs": 1000,
            "total_time": 36.233193,
            "device": {
                "CPU": "AMD EPYC 75F3 32-Core Processor",
                "GPU": 0,
                "RAM": "1T",
                "numCores": 128
            }
        }
    ],
    "name": "RandomForestRegressor-winter-Random",
    "path": "../../artifacts/logatec/models/winter-RandomForestRegressor-RandomSplit-results/est-8-0.pkl",
    "problemType": "Regression",
    "service": {
        "minAccuracy": 0,
        "minLatency": 0,
        "name": "localization"
    },
    "size": 3309945,
    "training": {
        "carbonFootprint": 0.06923897749997752,
        "device": {
            "CPU": "AMD EPYC 75F3 32-Core Processor",
            "GPU": 0,
            "RAM": "1T",
            "numCores": 128
        },
        "evaluationMetrics": {
            "mae": {
                "mean": 0.32760000000000333,
                "std": 0.05774980519447426
            },
            "mape": {
                "mean": 266503919767548.66,
                "std": 133555365497535.97
            },
            "mede": {
                "mean": 1.112460606060607,
                "std": 0.14418760149915447
            },
            "r_squared": {
                "mean": -39.51885758230298,
                "std": 0.00557993764004151
            },
            "rmse": {
                "mean": 0.8741237357061264,
                "std": 0.11436458504070694
            }
        },
        "fitTime": 0.23867287635803222,
        "parameters": {
            "hyperparameters": {
                "max_depth": 30,
                "n_estimators": 100
            },
            "optimizer": "gridsearch",
            "splitType": "Random"
        },
        "powerConsumptionCPU": 1079.0489999996498,
        "powerConsumptionGPU": 0,
        "totalTrainTime": 5.64850378036499
    },
    "version": "1.0"
}