{
    "architecture": {
        "type": "LinearRegression"
    },
    "author": "SensorLab",
    "dataset": {
        "name": "winter",
        "size": 33637
    },
    "dateCreated": "2024-11-21",
    "inference": [
        {
            "batch_size": 2,
            "carbon_footprint": 0.0,
            "energy_consumption": 0.0,
            "flops": 278,
            "latency": 0.001989832,
            "num_of_runs": 1000,
            "total_time": 3.979664,
            "device": {
                "CPU": "AMD EPYC 75F3 32-Core Processor",
                "GPU": 0,
                "RAM": "1T",
                "numCores": 128
            }
        }
    ],
    "name": "LinearRegression-winter-Random",
    "path": "../../artifacts/logatec/models/winter-LinearRegression-RandomSplit-results/est-0-0.pkl",
    "problemType": "Regression",
    "service": {
        "minAccuracy": 0,
        "minLatency": 0,
        "name": "localization"
    },
    "size": 1751,
    "training": {
        "carbonFootprint": 0.0,
        "device": {
            "CPU": "AMD EPYC 75F3 32-Core Processor",
            "GPU": 0,
            "RAM": "1T",
            "numCores": 128
        },
        "evaluationMetrics": {
            "mae": {
                "mean": 1.5454291946044105,
                "std": 0.14117646453022867
            },
            "mape": {
                "mean": 585405486871054.0,
                "std": 244299215429334.06
            },
            "mede": {
                "mean": 3.7050577172150314,
                "std": 0.19969708723043086
            },
            "r_squared": {
                "mean": -1.1326168641932424,
                "std": 0.016068819140551128
            },
            "rmse": {
                "mean": 2.3424155227784764,
                "std": 0.07343280488265613
            }
        },
        "fitTime": 0.5119392395019531,
        "parameters": {
            "hyperparameters": {
                "fit_intercept": true
            },
            "optimizer": "gridsearch",
            "splitType": "Random"
        },
        "powerConsumptionCPU": 0.0,
        "powerConsumptionGPU": 0,
        "totalTrainTime": 2.5083839893341064
    },
    "version": "1.0"
}