{
    "architecture": {
        "type": "XGBRegressor"
    },
    "author": "SensorLab",
    "dataset": {
        "name": "logatec-winter",
        "size": 33637
    },
    "dateCreated": "2024-11-21",
    "inference": [
        {
            "batch_size": 2,
            "carbon_footprint": 1.823254125000036e-05,
            "energy_consumption": 0.2841435000000056,
            "flops": 2140,
            "latency": 0.0042254875,
            "num_of_runs": 1000,
            "total_time": 8.450975,
            "device": {
                "CPU": "AMD EPYC 75F3 32-Core Processor",
                "GPU": 0,
                "RAM": "1T",
                "numCores": 128
            }
        }
    ],
    "name": "XGBRegressor-winter-Random",
    "path": "../../artifacts/logatec/models/winter-XGBRegressor-RandomSplit-results/est-11-0.pkl",
    "problemType": "Regression",
    "service": {
        "minAccuracy": 0,
        "minLatency": 0,
        "name": "localization"
    },
    "size": 526651,
    "training": {
        "carbonFootprint": 0.08161922999996342,
        "device": {
            "CPU": "AMD EPYC 75F3 32-Core Processor",
            "GPU": 0,
            "RAM": "1T",
            "numCores": 128
        },
        "evaluationMetrics": {
            "mae": {
                "mean": 0.3653601789474484,
                "std": 0.047961556253246475
            },
            "mape": {
                "mean": 224837754090258.16,
                "std": 92340164266646.19
            },
            "mede": {
                "mean": 1.151624044148725,
                "std": 0.1462388930438981
            },
            "r_squared": {
                "mean": -2.885483972903211e+27,
                "std": 2.334854025474834e+25
            },
            "rmse": {
                "mean": 0.936106559249492,
                "std": 0.169965544186411
            }
        },
        "fitTime": 3.9626245975494383,
        "parameters": {
            "hyperparameters": {
                "learning_rate": 0.1,
                "max_depth": 10,
                "n_estimators": 50
            },
            "optimizer": "gridsearch",
            "splitType": "Random"
        },
        "powerConsumptionCPU": 1271.98799999943,
        "powerConsumptionGPU": 0,
        "totalTrainTime": 35.98034358024597
    },
    "version": "1.0"
}