{
    "architecture": {
        "type": "KNeighborsRegressor"
    },
    "author": "SensorLab",
    "dataset": {
        "name": "logatec-winter",
        "size": 33637
    },
    "dateCreated": "2024-11-21",
    "inference": [
        {
            "batch_size": 2,
            "carbon_footprint": 0.0,
            "energy_consumption": 0.0,
            "flops": 23624,
            "latency": 0.0017756515,
            "num_of_runs": 1000,
            "total_time": 3.551303,
            "device": {
                "CPU": "AMD EPYC 75F3 32-Core Processor",
                "GPU": 0,
                "RAM": "1T",
                "numCores": 128
            }
        }
    ],
    "name": "KNeighborsRegressor-winter-Random",
    "path": "../../artifacts/logatec/models/winter-KNeighborsRegressor-RandomSplit-results/est-0-0.pkl",
    "problemType": "Regression",
    "service": {
        "minAccuracy": 0,
        "minLatency": 0,
        "name": "localization"
    },
    "size": 177652,
    "training": {
        "carbonFootprint": 0.0,
        "device": {
            "CPU": "AMD EPYC 75F3 32-Core Processor",
            "GPU": 0,
            "RAM": "1T",
            "numCores": 128
        },
        "evaluationMetrics": {
            "mae": {
                "mean": 0.48000000000000026,
                "std": 0.09797958971132713
            },
            "mape": {
                "mean": 220175981782557.6,
                "std": 83266998474810.14
            },
            "mede": {
                "mean": 1.7195959595959596,
                "std": 0.10156132423993523
            },
            "r_squared": {
                "mean": 0.9466852341527646,
                "std": 0.02135142849768609
            },
            "rmse": {
                "mean": 1.4539208573146394,
                "std": 0.20353690569180538
            }
        },
        "fitTime": 0.00249176025390625,
        "parameters": {
            "hyperparameters": {
                "leaf_size": 5,
                "metric": "minkowski",
                "n_neighbors": 3,
                "p": 1,
                "weights": "uniform"
            },
            "optimizer": "gridsearch",
            "splitType": "Random"
        },
        "powerConsumptionCPU": 0.0,
        "powerConsumptionGPU": 0,
        "totalTrainTime": 21.538543462753296
    },
    "version": "1.0"
}