{
    "architecture": {
        "type": "LinearRegression"
    },
    "author": "SensorLab",
    "dataset": {
        "name": "lumos5g",
        "size": 10901145
    },
    "dateCreated": "2024-11-21",
    "inference": [
        {
            "batch_size": 2,
            "carbon_footprint": 0.0,
            "energy_consumption": 0.0,
            "flops": 228,
            "latency": 0.0014305985000000001,
            "num_of_runs": 1000,
            "total_time": 2.861197,
            "device": {
                "CPU": "AMD EPYC 75F3 32-Core Processor",
                "GPU": 0,
                "RAM": "1T",
                "numCores": 128
            }
        }
    ],
    "name": "LinearRegression-lumos5g-KFold",
    "path": "../../artifacts/lumos5g/models/LinearRegression-KFoldSplit-results/est-1-0.pkl",
    "problemType": "Regression",
    "service": {
        "minAccuracy": 0,
        "minLatency": 0,
        "name": "localization"
    },
    "size": 1581,
    "training": {
        "carbonFootprint": 0.0,
        "device": {
            "CPU": "AMD EPYC 75F3 32-Core Processor",
            "GPU": 0,
            "RAM": "1T",
            "numCores": 128
        },
        "evaluationMetrics": {
            "mae": {
                "mean": 56.87786683765911,
                "std": 0.30297394257524773
            },
            "mape": {
                "mean": 8184782937708.578,
                "std": 11119316345690.0
            },
            "mede": {
                "mean": 107.9738950579673,
                "std": 0.4443279047932258
            },
            "r_squared": {
                "mean": 0.26642388761109304,
                "std": 0.00532911769840743
            },
            "rmse": {
                "mean": 86.93504256825193,
                "std": 0.3271732866014986
            }
        },
        "fitTime": 0.02937145233154297,
        "parameters": {
            "hyperparameters": {
                "fit_intercept": false
            },
            "optimizer": "gridsearch",
            "splitType": "KFold"
        },
        "powerConsumptionCPU": 0.0,
        "powerConsumptionGPU": 0,
        "totalTrainTime": 1.8993613719940186
    },
    "version": "1.0"
}