{
    "architecture": {
        "type": "RandomForestRegressor"
    },
    "author": "SensorLab",
    "dataset": {
        "name": "lumos5g",
        "size": 10901145
    },
    "dateCreated": "2024-11-21",
    "inference": [
        {
            "batch_size": 2,
            "carbon_footprint": 8.48462999999271e-06,
            "energy_consumption": 0.13222799999988638,
            "flops": 263,
            "latency": 0.034095717,
            "num_of_runs": 1000,
            "total_time": 68.191434,
            "device": {
                "CPU": "AMD EPYC 75F3 32-Core Processor",
                "GPU": 0,
                "RAM": "1T",
                "numCores": 128
            }
        }
    ],
    "name": "RandomForestRegressor-lumos5g-KFold",
    "path": "../../artifacts/lumos5g/models/RandomForestRegressor-KFoldSplit-results/est-19-0.pkl",
    "problemType": "Regression",
    "service": {
        "minAccuracy": 0,
        "minLatency": 0,
        "name": "localization"
    },
    "size": 2196689673,
    "training": {
        "carbonFootprint": 2.43012693,
        "device": {
            "CPU": "AMD EPYC 75F3 32-Core Processor",
            "GPU": 0,
            "RAM": "1T",
            "numCores": 128
        },
        "evaluationMetrics": {
            "mae": {
                "mean": 4.297932048818717,
                "std": 0.031747760317495245
            },
            "mape": {
                "mean": 409589735287.6423,
                "std": 578803232752.3816
            },
            "mede": {
                "mean": 13.84852524345393,
                "std": 0.06738180457142837
            },
            "r_squared": {
                "mean": 0.9677158522322188,
                "std": 0.0008417651640518964
            },
            "rmse": {
                "mean": 18.065857313298782,
                "std": 0.22484932617282918
            }
        },
        "fitTime": 5.3328704833984375,
        "parameters": {
            "hyperparameters": {
                "max_depth": 50,
                "n_estimators": 400
            },
            "optimizer": "gridsearch",
            "splitType": "KFold"
        },
        "powerConsumptionCPU": 37872.10800000001,
        "powerConsumptionGPU": 0,
        "totalTrainTime": 194.34824514389038
    },
    "version": "1.0"
}