{
    "architecture": {
        "type": "XGBRegressor"
    },
    "author": "SensorLab",
    "dataset": {
        "name": "lumos5g",
        "size": 10901145
    },
    "dateCreated": "2024-11-21",
    "inference": [
        {
            "batch_size": 2,
            "carbon_footprint": 0.0,
            "energy_consumption": 0.0,
            "flops": 1920,
            "latency": 0.001125171,
            "num_of_runs": 1000,
            "total_time": 2.250342,
            "device": {
                "CPU": "AMD EPYC 75F3 32-Core Processor",
                "GPU": 0,
                "RAM": "1T",
                "numCores": 128
            }
        }
    ],
    "name": "XGBRegressor-lumos5g-KFold",
    "path": "../../artifacts/lumos5g/models/XGBRegressor-KFoldSplit-results/est-11-0.pkl",
    "problemType": "Regression",
    "service": {
        "minAccuracy": 0,
        "minLatency": 0,
        "name": "localization"
    },
    "size": 555291,
    "training": {
        "carbonFootprint": 0.0,
        "device": {
            "CPU": "AMD EPYC 75F3 32-Core Processor",
            "GPU": 0,
            "RAM": "1T",
            "numCores": 128
        },
        "evaluationMetrics": {
            "mae": {
                "mean": 17.730899745166656,
                "std": 0.04049666257410217
            },
            "mape": {
                "mean": 558014940403.0164,
                "std": 716785117177.5543
            },
            "mede": {
                "mean": 37.49146673019259,
                "std": 0.15455282885705682
            },
            "r_squared": {
                "mean": 0.88713165869333,
                "std": 0.0009772353353123232
            },
            "rmse": {
                "mean": 33.98079096530084,
                "std": 0.12331154414448452
            }
        },
        "fitTime": 2.0709812164306642,
        "parameters": {
            "hyperparameters": {
                "learning_rate": 0.1,
                "max_depth": 5,
                "n_estimators": 100
            },
            "optimizer": "gridsearch",
            "splitType": "KFold"
        },
        "powerConsumptionCPU": 0.0,
        "powerConsumptionGPU": 0,
        "totalTrainTime": 24.906577587127686
    },
    "version": "1.0"
}