{
    "architecture": {
        "type": "KNeighborsRegressor"
    },
    "author": "SensorLab",
    "dataset": {
        "name": "umu",
        "size": 43301
    },
    "dateCreated": "2024-11-22",
    "inference": [
        {
            "batch_size": 2,
            "carbon_footprint": 2.0309231250004183e-05,
            "energy_consumption": 0.31650750000006517,
            "flops": 134,
            "latency": 0.010824687000000001,
            "num_of_runs": 1000,
            "total_time": 21.649374,
            "device": {
                "CPU": "AMD EPYC 75F3 32-Core Processor",
                "GPU": 0,
                "RAM": "1T",
                "numCores": 128
            }
        }
    ],
    "name": "KNeighborsRegressor-umu-Random",
    "path": "../../artifacts/umu/models/KNeighborsRegressor-RandomSplit-results/est-4-0.pkl",
    "problemType": "Regression",
    "service": {
        "minAccuracy": 0,
        "minLatency": 0,
        "name": "localization"
    },
    "size": 395830,
    "training": {
        "carbonFootprint": 0.0,
        "device": {
            "CPU": "AMD EPYC 75F3 32-Core Processor",
            "GPU": 0,
            "RAM": "1T",
            "numCores": 128
        },
        "evaluationMetrics": {
            "mae": {
                "mean": 2.445192549386295,
                "std": 0.15112629803970207
            },
            "mape": {
                "mean": 12869172254702.09,
                "std": 19895267437031.215
            },
            "mede": {
                "mean": 10.672110973089426,
                "std": 1.2672202663419045
            },
            "r_squared": {
                "mean": 0.9954458190215654,
                "std": 0.0017394114649716742
            },
            "rmse": {
                "mean": 16.792355246083964,
                "std": 2.611582855586302
            }
        },
        "fitTime": 0.003777933120727539,
        "parameters": {
            "hyperparameters": {
                "leaf_size": 30,
                "metric": "minkowski",
                "n_neighbors": 3,
                "p": 1,
                "weights": "uniform"
            },
            "optimizer": "gridsearch",
            "splitType": "Random"
        },
        "powerConsumptionCPU": 0.0,
        "powerConsumptionGPU": 0,
        "totalTrainTime": 4.261999130249023
    },
    "version": "1.0"
}