{
    "architecture": {
        "type": "KNeighborsRegressor"
    },
    "author": "SensorLab",
    "dataset": {
        "name": "umu",
        "size": 43301
    },
    "dateCreated": "2024-11-22",
    "inference": [
        {
            "device": {
                "CPU": "AMD EPYC 75F3 32-Core Processor",
                "GPU": 0,
                "RAM": "1T",
                "numCores": 128
            }
        }
    ],
    "name": "KNeighborsRegressor-umu-LeaveOneGroupOut",
    "path": "../../artifacts/umu/models/KNeighborsRegressor-LeaveOneGroupOutSplit-results/est-0-0.pkl",
    "problemType": "Regression",
    "service": {
        "minAccuracy": 0,
        "minLatency": 0,
        "name": "localization"
    },
    "size": 533654,
    "training": {
        "carbonFootprint": 0.4327565549999945,
        "device": {
            "CPU": "AMD EPYC 75F3 32-Core Processor",
            "GPU": 0,
            "RAM": "1T",
            "numCores": 128
        },
        "evaluationMetrics": {
            "mae": {
                "mean": 5.740381302658742,
                "std": 11.979839410914042
            },
            "mape": {
                "mean": 15009969666860.6,
                "std": 532361911913731.4
            },
            "mede": {
                "mean": 8.83734182068958,
                "std": 17.238182326834924
            },
            "r_squared": {
                "mean": 0,
                "std": 0
            },
            "rmse": {
                "mean": 5.863652946304715,
                "std": 12.10578290145221
            }
        },
        "fitTime": 0.004484570827551596,
        "parameters": {
            "hyperparameters": {
                "leaf_size": 10,
                "metric": "minkowski",
                "n_neighbors": 3,
                "p": 1,
                "weights": "uniform"
            },
            "optimizer": "gridsearch",
            "splitType": "LeaveOneGroupOut"
        },
        "powerConsumptionCPU": 6744.257999999914,
        "powerConsumptionGPU": 0,
        "totalTrainTime": 413.237539768219
    },
    "version": "1.0"
}