{
    "architecture": {
        "type": "KNeighborsRegressor"
    },
    "author": "SensorLab",
    "dataset": {
        "name": "umu",
        "size": 43301
    },
    "dateCreated": "2024-11-22",
    "inference": [
        {
            "batch_size": 2,
            "carbon_footprint": 2.0910023749997487e-05,
            "energy_consumption": 0.32587049999996087,
            "flops": 134,
            "latency": 0.014038551500000001,
            "num_of_runs": 1000,
            "total_time": 28.077103,
            "device": {
                "CPU": "AMD EPYC 75F3 32-Core Processor",
                "GPU": 0,
                "RAM": "1T",
                "numCores": 128
            }
        }
    ],
    "name": "KNeighborsRegressor-umu-KFold",
    "path": "../../artifacts/umu/models/KNeighborsRegressor-KFoldSplit-results/est-4-0.pkl",
    "problemType": "Regression",
    "service": {
        "minAccuracy": 0,
        "minLatency": 0,
        "name": "localization"
    },
    "size": 395830,
    "training": {
        "carbonFootprint": 0.0,
        "device": {
            "CPU": "AMD EPYC 75F3 32-Core Processor",
            "GPU": 0,
            "RAM": "1T",
            "numCores": 128
        },
        "evaluationMetrics": {
            "mae": {
                "mean": 2.3609510708130044,
                "std": 0.17764530991440053
            },
            "mape": {
                "mean": 13532906592581.852,
                "std": 19984336199654.64
            },
            "mede": {
                "mean": 10.139119352079485,
                "std": 1.5973423006207086
            },
            "r_squared": {
                "mean": 0.9956766601389365,
                "std": 0.0018766990766853485
            },
            "rmse": {
                "mean": 16.361804904106314,
                "std": 2.908934967087215
            }
        },
        "fitTime": 0.004541778564453125,
        "parameters": {
            "hyperparameters": {
                "leaf_size": 30,
                "metric": "minkowski",
                "n_neighbors": 3,
                "p": 1,
                "weights": "uniform"
            },
            "optimizer": "gridsearch",
            "splitType": "KFold"
        },
        "powerConsumptionCPU": 0.0,
        "powerConsumptionGPU": 0,
        "totalTrainTime": 3.214128017425537
    },
    "version": "1.0"
}