{
    "architecture": {
        "type": "LinearRegression"
    },
    "author": "SensorLab",
    "dataset": {
        "name": "umu",
        "size": 43301
    },
    "dateCreated": "2024-11-22",
    "inference": [
        {
            "device": {
                "CPU": "AMD EPYC 75F3 32-Core Processor",
                "GPU": 0,
                "RAM": "1T",
                "numCores": 128
            }
        }
    ],
    "name": "LinearRegression-umu-LeaveOneGroupOut",
    "path": "../../artifacts/umu/models/LinearRegression-LeaveOneGroupOutSplit-results/est-0-0.pkl",
    "problemType": "Regression",
    "service": {
        "minAccuracy": 0,
        "minLatency": 0,
        "name": "localization"
    },
    "size": 1639,
    "training": {
        "carbonFootprint": 1.397577142499997,
        "device": {
            "CPU": "AMD EPYC 75F3 32-Core Processor",
            "GPU": 0,
            "RAM": "1T",
            "numCores": 128
        },
        "evaluationMetrics": {
            "mae": {
                "mean": 140.80518363401998,
                "std": 98.52798321857284
            },
            "mape": {
                "mean": 668187358877125.9,
                "std": 2.4642848618418692e+16
            },
            "mede": {
                "mean": 220.51143274669363,
                "std": 157.60783787939536
            },
            "r_squared": {
                "mean": 0,
                "std": 0
            },
            "rmse": {
                "mean": 140.85010890672882,
                "std": 98.48121397324896
            }
        },
        "fitTime": 0.013971109592655562,
        "parameters": {
            "hyperparameters": {
                "fit_intercept": true
            },
            "optimizer": "gridsearch",
            "splitType": "LeaveOneGroupOut"
        },
        "powerConsumptionCPU": 21780.42299999995,
        "powerConsumptionGPU": 0,
        "totalTrainTime": 130.1226441860199
    },
    "version": "1.0"
}