{
    "architecture": {
        "type": "LinearRegression"
    },
    "author": "SensorLab",
    "dataset": {
        "name": "umu",
        "size": 43301
    },
    "dateCreated": "2024-11-22",
    "inference": [
        {
            "batch_size": 2,
            "carbon_footprint": 0.0,
            "energy_consumption": 0.0,
            "flops": 168,
            "latency": 0.0002229585,
            "num_of_runs": 1000,
            "total_time": 0.445917,
            "device": {
                "CPU": "AMD EPYC 75F3 32-Core Processor",
                "GPU": 0,
                "RAM": "1T",
                "numCores": 128
            }
        }
    ],
    "name": "LinearRegression-umu-KFold",
    "path": "../../artifacts/umu/models/LinearRegression-KFoldSplit-results/est-1-0.pkl",
    "problemType": "Regression",
    "service": {
        "minAccuracy": 0,
        "minLatency": 0,
        "name": "localization"
    },
    "size": 1581,
    "training": {
        "carbonFootprint": 0.0,
        "device": {
            "CPU": "AMD EPYC 75F3 32-Core Processor",
            "GPU": 0,
            "RAM": "1T",
            "numCores": 128
        },
        "evaluationMetrics": {
            "mae": {
                "mean": 92.28516736172412,
                "std": 3.6692159699107663
            },
            "mape": {
                "mean": 588845523976884.0,
                "std": 922841244297628.9
            },
            "mede": {
                "mean": 207.34994800100762,
                "std": 4.889931998544756
            },
            "r_squared": {
                "mean": 0.531252803634164,
                "std": 0.015996511499209318
            },
            "rmse": {
                "mean": 181.64676315859415,
                "std": 4.0032836773785725
            }
        },
        "fitTime": 0.004612970352172852,
        "parameters": {
            "hyperparameters": {
                "fit_intercept": false
            },
            "optimizer": "gridsearch",
            "splitType": "KFold"
        },
        "powerConsumptionCPU": 0.0,
        "powerConsumptionGPU": 0,
        "totalTrainTime": 1.9187755584716797
    },
    "version": "1.0"
}