{
    "architecture": {
        "type": "LinearRegression"
    },
    "author": "SensorLab",
    "dataset": {
        "name": "umu",
        "size": 43301
    },
    "dateCreated": "2024-11-22",
    "inference": [
        {
            "batch_size": 2,
            "carbon_footprint": 0.0,
            "energy_consumption": 0.0,
            "flops": 168,
            "latency": 0.0002095825,
            "num_of_runs": 1000,
            "total_time": 0.419165,
            "device": {
                "CPU": "AMD EPYC 75F3 32-Core Processor",
                "GPU": 0,
                "RAM": "1T",
                "numCores": 128
            }
        }
    ],
    "name": "LinearRegression-umu-Random",
    "path": "../../artifacts/umu/models/LinearRegression-RandomSplit-results/est-1-0.pkl",
    "problemType": "Regression",
    "service": {
        "minAccuracy": 0,
        "minLatency": 0,
        "name": "localization"
    },
    "size": 1581,
    "training": {
        "carbonFootprint": 0.0,
        "device": {
            "CPU": "AMD EPYC 75F3 32-Core Processor",
            "GPU": 0,
            "RAM": "1T",
            "numCores": 128
        },
        "evaluationMetrics": {
            "mae": {
                "mean": 90.75823419336719,
                "std": 2.3186435051049927
            },
            "mape": {
                "mean": 590574274107181.4,
                "std": 922880276059089.2
            },
            "mede": {
                "mean": 209.232454966562,
                "std": 6.364326056138596
            },
            "r_squared": {
                "mean": 0.5147228702825395,
                "std": 0.025139700321238787
            },
            "rmse": {
                "mean": 184.72031293282257,
                "std": 6.836366840648882
            }
        },
        "fitTime": 0.007377004623413086,
        "parameters": {
            "hyperparameters": {
                "fit_intercept": false
            },
            "optimizer": "gridsearch",
            "splitType": "Random"
        },
        "powerConsumptionCPU": 0.0,
        "powerConsumptionGPU": 0,
        "totalTrainTime": 1.8474528789520264
    },
    "version": "1.0"
}