{
    "architecture": {
        "type": "RandomForestRegressor"
    },
    "author": "SensorLab",
    "dataset": {
        "name": "umu",
        "size": 43301
    },
    "dateCreated": "2024-11-22",
    "inference": [
        {
            "batch_size": 2,
            "carbon_footprint": 1.2319422499994981e-05,
            "energy_consumption": 0.19199099999992178,
            "flops": 249,
            "latency": 0.0227471065,
            "num_of_runs": 1000,
            "total_time": 45.494213,
            "device": {
                "CPU": "AMD EPYC 75F3 32-Core Processor",
                "GPU": 0,
                "RAM": "1T",
                "numCores": 128
            }
        }
    ],
    "name": "RandomForestRegressor-umu-Random",
    "path": "../../artifacts/umu/models/RandomForestRegressor-RandomSplit-results/est-5-0.pkl",
    "problemType": "Regression",
    "service": {
        "minAccuracy": 0,
        "minLatency": 0,
        "name": "localization"
    },
    "size": 38660233,
    "training": {
        "carbonFootprint": 0.0,
        "device": {
            "CPU": "AMD EPYC 75F3 32-Core Processor",
            "GPU": 0,
            "RAM": "1T",
            "numCores": 128
        },
        "evaluationMetrics": {
            "mae": {
                "mean": 2.904186191596727,
                "std": 0.31748010531509013
            },
            "mape": {
                "mean": 47989811098548.78,
                "std": 69142394687926.04
            },
            "mede": {
                "mean": 23.168436254551448,
                "std": 2.916043961991343
            },
            "r_squared": {
                "mean": 0.9740365829358772,
                "std": 0.012924642763049159
            },
            "rmse": {
                "mean": 41.2970975747689,
                "std": 9.898270286591949
            }
        },
        "fitTime": 0.35082459449768066,
        "parameters": {
            "hyperparameters": {
                "max_depth": 30,
                "n_estimators": 250
            },
            "optimizer": "gridsearch",
            "splitType": "Random"
        },
        "powerConsumptionCPU": 0.0,
        "powerConsumptionGPU": 0,
        "totalTrainTime": 5.138815641403198
    },
    "version": "1.0"
}