{
    "architecture": {
        "type": "RandomForestRegressor"
    },
    "author": "SensorLab",
    "dataset": {
        "name": "umu",
        "size": 43301
    },
    "dateCreated": "2024-11-22",
    "inference": [
        {
            "batch_size": 2,
            "carbon_footprint": 4.589585000004542e-06,
            "energy_consumption": 0.07152600000007078,
            "flops": 249,
            "latency": 0.023709025499999998,
            "num_of_runs": 1000,
            "total_time": 47.418051,
            "device": {
                "CPU": "AMD EPYC 75F3 32-Core Processor",
                "GPU": 0,
                "RAM": "1T",
                "numCores": 128
            }
        }
    ],
    "name": "RandomForestRegressor-umu-KFold",
    "path": "../../artifacts/umu/models/RandomForestRegressor-KFoldSplit-results/est-5-0.pkl",
    "problemType": "Regression",
    "service": {
        "minAccuracy": 0,
        "minLatency": 0,
        "name": "localization"
    },
    "size": 38705833,
    "training": {
        "carbonFootprint": 0.0,
        "device": {
            "CPU": "AMD EPYC 75F3 32-Core Processor",
            "GPU": 0,
            "RAM": "1T",
            "numCores": 128
        },
        "evaluationMetrics": {
            "mae": {
                "mean": 2.787068566491057,
                "std": 0.299902668757584
            },
            "mape": {
                "mean": 21456539315343.586,
                "std": 27723217130407.992
            },
            "mede": {
                "mean": 22.38504620773789,
                "std": 2.223455135315499
            },
            "r_squared": {
                "mean": 0.9777637970408481,
                "std": 0.006277807329450509
            },
            "rmse": {
                "mean": 38.01712522561466,
                "std": 6.074226728849865
            }
        },
        "fitTime": 0.5158876895904541,
        "parameters": {
            "hyperparameters": {
                "max_depth": 30,
                "n_estimators": 250
            },
            "optimizer": "gridsearch",
            "splitType": "KFold"
        },
        "powerConsumptionCPU": 0.0,
        "powerConsumptionGPU": 0,
        "totalTrainTime": 6.714485168457031
    },
    "version": "1.0"
}