{
    "architecture": {
        "type": "RandomForestRegressor"
    },
    "author": "SensorLab",
    "dataset": {
        "name": "umu",
        "size": 43301
    },
    "dateCreated": "2024-11-22",
    "inference": [
        {
            "device": {
                "CPU": "AMD EPYC 75F3 32-Core Processor",
                "GPU": 0,
                "RAM": "1T",
                "numCores": 128
            }
        }
    ],
    "name": "RandomForestRegressor-umu-LeaveOneGroupOut",
    "path": "../../artifacts/umu/models/RandomForestRegressor-LeaveOneGroupOutSplit-results/est-8-0.pkl",
    "problemType": "Regression",
    "service": {
        "minAccuracy": 0,
        "minLatency": 0,
        "name": "localization"
    },
    "size": 46987113,
    "training": {
        "carbonFootprint": 4.068629950000013,
        "device": {
            "CPU": "AMD EPYC 75F3 32-Core Processor",
            "GPU": 0,
            "RAM": "1T",
            "numCores": 128
        },
        "evaluationMetrics": {
            "mae": {
                "mean": 12.85153900317998,
                "std": 32.80119176323721
            },
            "mape": {
                "mean": 22716023109981.293,
                "std": 776399540078740.6
            },
            "mede": {
                "mean": 19.755147842014097,
                "std": 48.3653381564977
            },
            "r_squared": {
                "mean": 0,
                "std": 0
            },
            "rmse": {
                "mean": 12.880343574975685,
                "std": 32.800404480928876
            }
        },
        "fitTime": 0.5477451337233163,
        "parameters": {
            "hyperparameters": {
                "max_depth": 150,
                "n_estimators": 250
            },
            "optimizer": "gridsearch",
            "splitType": "LeaveOneGroupOut"
        },
        "powerConsumptionCPU": 63407.220000000205,
        "powerConsumptionGPU": 0,
        "totalTrainTime": 1759.592351436615
    },
    "version": "1.0"
}