{
    "architecture": {
        "type": "XGBRegressor"
    },
    "author": "SensorLab",
    "dataset": {
        "name": "umu",
        "size": 43301
    },
    "dateCreated": "2024-11-22",
    "inference": [
        {
            "batch_size": 2,
            "carbon_footprint": 0.0,
            "energy_consumption": 0.0,
            "flops": 2016,
            "latency": 0.0016057835000000001,
            "num_of_runs": 1000,
            "total_time": 3.211567,
            "device": {
                "CPU": "AMD EPYC 75F3 32-Core Processor",
                "GPU": 0,
                "RAM": "1T",
                "numCores": 128
            }
        }
    ],
    "name": "XGBRegressor-umu-Random",
    "path": "../../artifacts/umu/models/XGBRegressor-RandomSplit-results/est-11-0.pkl",
    "problemType": "Regression",
    "service": {
        "minAccuracy": 0,
        "minLatency": 0,
        "name": "localization"
    },
    "size": 9754504,
    "training": {
        "carbonFootprint": 1.0198572999999929,
        "device": {
            "CPU": "AMD EPYC 75F3 32-Core Processor",
            "GPU": 0,
            "RAM": "1T",
            "numCores": 128
        },
        "evaluationMetrics": {
            "mae": {
                "mean": 2.250382120258431,
                "std": 0.251949848192327
            },
            "mape": {
                "mean": 6709155113324.9795,
                "std": 11640033532046.05
            },
            "mede": {
                "mean": 13.852374000528082,
                "std": 1.1118754301948648
            },
            "r_squared": {
                "mean": 0.9899941982796925,
                "std": 0.003990919660188945
            },
            "rmse": {
                "mean": 23.151923239562798,
                "std": 3.0123298428670773
            }
        },
        "fitTime": 17.17833924293518,
        "parameters": {
            "hyperparameters": {
                "learning_rate": 0.2,
                "max_depth": 30,
                "n_estimators": 250
            },
            "optimizer": "gridsearch",
            "splitType": "Random"
        },
        "powerConsumptionCPU": 15893.879999999888,
        "powerConsumptionGPU": 0,
        "totalTrainTime": 94.02693581581116
    },
    "version": "1.0"
}