{
    "architecture": {
        "type": "XGBRegressor"
    },
    "author": "SensorLab",
    "dataset": {
        "name": "umu",
        "size": 43301
    },
    "dateCreated": "2024-11-22",
    "inference": [
        {
            "batch_size": 2,
            "carbon_footprint": 0.0,
            "energy_consumption": 0.0,
            "flops": 2016,
            "latency": 0.002206256,
            "num_of_runs": 1000,
            "total_time": 4.412512,
            "device": {
                "CPU": "AMD EPYC 75F3 32-Core Processor",
                "GPU": 0,
                "RAM": "1T",
                "numCores": 128
            }
        }
    ],
    "name": "XGBRegressor-umu-KFold",
    "path": "../../artifacts/umu/models/XGBRegressor-KFoldSplit-results/est-11-0.pkl",
    "problemType": "Regression",
    "service": {
        "minAccuracy": 0,
        "minLatency": 0,
        "name": "localization"
    },
    "size": 9754504,
    "training": {
        "carbonFootprint": 1.0390880500000048,
        "device": {
            "CPU": "AMD EPYC 75F3 32-Core Processor",
            "GPU": 0,
            "RAM": "1T",
            "numCores": 128
        },
        "evaluationMetrics": {
            "mae": {
                "mean": 2.09562599390258,
                "std": 0.23167571261504002
            },
            "mape": {
                "mean": 5114705708008.308,
                "std": 8481629473332.121
            },
            "mede": {
                "mean": 13.256026021868198,
                "std": 1.8004008716075273
            },
            "r_squared": {
                "mean": 0.991636719910384,
                "std": 0.001651889429153345
            },
            "rmse": {
                "mean": 21.392080104057403,
                "std": 2.3712068686801806
            }
        },
        "fitTime": 12.892743587493896,
        "parameters": {
            "hyperparameters": {
                "learning_rate": 0.2,
                "max_depth": 30,
                "n_estimators": 250
            },
            "optimizer": "gridsearch",
            "splitType": "KFold"
        },
        "powerConsumptionCPU": 16193.580000000075,
        "powerConsumptionGPU": 0,
        "totalTrainTime": 106.36201071739197
    },
    "version": "1.0"
}